Age,Income,SpendingScore,NumPurchases,CreditScore,Gender,City,IsSubscribed,MaritalStatus,YearsWithCompany,HasCreditCard,SatisfactionScore,Target
56,35903.31,99.64,6,627.17,Male,CityB,0,Married,27,1,7.66,173.73
69,63051.95,37.46,4,678.92,Male,CityC,0,Divorced,30,1,8.84,182.37
46,48654.74,45.41,6,634.29,Female,CityA,0,Married,31,1,6.71,166.68
32,38666.19,72.49,2,739.67,Female,CityC,0,Single,19,1,8.59,170.44
60,50301.41,88.73,5,720.93,Female,CityB,0,Divorced,39,1,3.35,210.64
25,43776.78,59.71,2,717.98,Male,CityA,1,Single,34,0,1.88,138.94
38,85307.12,39.76,3,569.78,Female,CityB,0,Married,30,1,6.54,169.11
56,73224.6,41.85,6,673.73,Female,CityA,1,Divorced,30,0,4.91,185.8
36,59880.41,69.87,6,665.12,Male,CityB,0,Divorced,37,0,4.84,188.21
40,82199.16,1.32,5,652.3,Female,CityC,1,Divorced,21,0,5.74,161.52
28,61160.52,62.34,4,679.24,Male,CityB,1,Divorced,40,1,4.25,183.82
28,47080.74,36.19,3,643.69,Female,CityB,0,Single,8,1,6.63,125.59
41,82846.86,79.63,1,710.76,Female,CityA,0,Married,8,1,1.28,166.44
53,68083.65,10.21,4,738.33,Female,CityB,1,Married,14,1,9.73,204.65
57,44441.31,59.23,3,734.02,Male,CityC,1,Divorced,12,1,9.32,188.91
41,57144.92,48.62,4,693.1,Female,CityC,0,Married,21,1,9.42,182.36
20,46865.73,64.59,2,799.96,Female,CityC,0,Single,15,1,4.29,158.28
39,39258.0,7.42,2,757.0,Female,CityA,0,Married,31,1,5.79,133.26
19,73892.66,58.42,4,694.92,Female,CityA,1,Single,1,0,9.59,186.79
41,88641.25,56.59,4,675.89,Male,CityB,0,Single,25,1,9.12,172.21
61,39021.49,56.51,1,766.9,Male,CityB,0,Married,13,0,8.11,160.97
47,68444.54,60.75,2,750.38,Female,CityB,0,Single,37,0,4.67,182.03
55,50240.36,67.97,4,629.48,Female,CityA,0,Single,33,0,6.08,184.66
19,52693.12,80.69,2,754.29,Female,CityA,0,Single,7,0,8.14,175.74
38,51114.09,27.71,3,692.28,Male,CityB,1,Single,35,1,3.46,155.73
50,47040.14,82.68,5,656.95,Female,CityA,1,Divorced,20,1,6.64,192.52
29,60727.82,50.33,2,601.04,Female,CityA,0,Married,27,0,8.45,155.7
39,47535.75,8.63,2,686.55,Male,CityC,0,Divorced,5,0,7.37,140.38
61,64056.85,6.8,2,699.39,Male,CityC,1,Single,19,0,5.32,160.17
42,59246.43,34.09,2,779.37,Male,CityB,0,Married,30,1,6.26,186.09
66,56415.78,78.7,4,747.86,Female,CityB,1,Single,32,0,9.9,213.17
44,46386.55,71.06,2,670.86,Male,CityC,0,Married,6,0,6.42,171.1
59,51348.43,79.07,2,719.47,Male,CityA,1,Divorced,7,1,8.07,189.4
45,71330.87,52.21,3,741.31,Female,CityB,1,Married,8,0,7.54,177.51
33,67513.76,44.58,2,704.3,Male,CityB,0,Single,1,1,7.31,181.51
32,45336.67,15.6,2,670.64,Female,CityB,1,Married,16,1,7.45,157.13
64,61489.98,33.49,2,673.39,Female,CityA,0,Married,36,0,5.09,168.55
68,71270.81,43.97,5,719.27,Male,CityC,1,Divorced,16,0,5.27,196.15
61,34958.92,9.77,4,720.65,Female,CityB,0,Single,37,0,5.21,138.83
69,68150.4,22.84,4,685.35,Male,CityC,0,Married,34,1,1.3,151.86
20,50060.64,60.22,4,569.04,Male,CityC,0,Divorced,38,1,3.17,162.53
54,68558.98,73.83,4,635.47,Male,CityA,1,Married,29,1,2.39,188.27
68,48551.11,99.84,4,730.98,Female,CityA,0,Single,5,0,8.98,194.6
24,32926.77,93.38,0,593.46,Male,CityA,0,Married,3,0,3.47,135.26
38,35586.86,64.61,1,759.21,Female,CityA,0,Married,36,0,2.25,163.44
26,60721.27,42.7,4,751.81,Female,CityA,1,Married,34,0,2.08,171.31
56,63895.84,63.98,1,702.05,Female,CityA,0,Married,8,0,7.3,151.22
35,46435.25,78.78,4,729.9,Male,CityB,1,Single,5,0,1.05,182.86
21,69578.89,12.72,1,726.44,Female,CityC,1,Divorced,12,1,5.24,147.47
42,35077.2,41.58,2,694.16,Female,CityA,1,Divorced,21,1,2.07,167.3
31,59008.8,84.14,2,631.31,Male,CityB,0,Married,27,1,8.65,161.18
67,41834.76,39.0,1,748.36,Male,CityC,0,Single,29,0,9.63,153.45
26,50222.46,57.62,4,770.36,Female,CityA,1,Single,35,1,9.63,190.76
43,60710.98,59.19,7,639.57,Female,CityA,0,Single,1,1,4.98,171.04
19,47093.8,19.26,3,629.44,Male,CityB,0,Single,35,1,6.8,126.72
37,54231.67,36.86,4,693.16,Female,CityC,1,Single,7,0,6.4,147.68
45,75094.39,34.12,5,668.69,Female,CityA,1,Single,8,0,4.15,171.0
64,51346.62,3.59,3,707.25,Female,CityC,0,Married,0,1,5.0,130.26
24,72535.38,3.39,2,760.4,Female,CityB,1,Divorced,12,0,1.58,149.8
61,43054.4,83.34,3,587.72,Male,CityA,0,Divorced,14,0,8.16,166.64
25,67947.06,28.03,2,779.06,Female,CityC,1,Married,31,0,3.17,173.09
64,81623.53,52.29,2,679.67,Male,CityB,0,Divorced,33,0,5.14,198.57
52,22925.33,30.57,4,725.59,Female,CityB,0,Single,30,1,5.33,136.39
31,48046.57,94.13,1,730.94,Male,CityA,1,Single,13,0,6.05,195.93
34,68656.08,26.67,5,736.77,Female,CityC,0,Divorced,13,1,8.36,147.72
53,56954.32,43.54,2,703.1,Male,CityA,0,Single,28,1,7.23,175.01
67,65567.19,87.4,3,714.78,Female,CityA,1,Single,18,0,6.97,221.19
57,50940.22,84.35,6,714.45,Male,CityC,0,Divorced,26,0,5.74,187.43
21,61298.85,19.42,3,668.49,Female,CityC,0,Married,8,0,1.86,133.67
19,57664.84,80.46,3,612.1,Female,CityC,0,Divorced,36,1,4.62,164.34
23,77516.73,46.36,7,639.04,Male,CityB,1,Divorced,36,1,9.62,199.84
59,63816.31,48.81,3,694.79,Male,CityB,1,Divorced,27,1,9.96,170.33
21,65064.04,14.21,1,660.66,Male,CityC,1,Divorced,23,1,7.57,152.26
46,53821.85,8.98,0,660.78,Male,CityB,1,Married,27,1,3.05,144.83
35,52685.91,73.07,3,789.96,Male,CityA,1,Married,35,1,1.92,203.16
43,53511.63,50.15,1,742.94,Female,CityC,0,Single,17,1,4.73,168.24
61,65916.78,44.25,2,687.4,Male,CityA,0,Single,24,0,8.71,173.93
51,53685.23,73.22,1,733.6,Male,CityC,0,Divorced,34,1,7.5,188.79
27,64346.62,76.79,3,678.99,Female,CityA,1,Single,3,1,8.96,167.53
53,91131.01,16.73,1,705.54,Male,CityC,0,Married,13,1,6.54,178.41
31,73066.87,61.41,2,722.08,Male,CityA,1,Single,38,1,2.17,193.0
48,55109.65,14.4,4,679.12,Male,CityC,0,Single,25,0,2.03,123.02
65,78018.21,75.39,3,665.74,Female,CityC,1,Single,7,1,1.43,187.6
32,53878.87,66.04,4,761.2,Male,CityB,0,Divorced,23,1,6.1,180.6
25,29428.13,95.7,2,730.71,Female,CityA,0,Single,15,0,3.19,153.28
31,44878.71,7.83,2,587.27,Female,CityB,1,Married,19,0,7.61,134.07
40,31938.12,6.65,3,666.59,Male,CityA,0,Married,14,1,7.18,116.57
57,54727.3,28.94,1,660.94,Female,CityB,0,Married,6,1,3.86,123.7
38,60276.28,26.91,2,668.94,Male,CityC,1,Married,16,1,2.59,142.93
33,85146.56,25.45,4,743.12,Male,CityB,0,Single,21,1,1.92,163.57
62,64903.91,90.72,6,700.96,Male,CityB,0,Divorced,21,1,7.64,213.57
35,56713.49,25.71,4,630.52,Male,CityC,1,Married,11,1,5.05,149.06
64,72441.08,27.92,1,680.84,Male,CityB,1,Married,17,0,3.91,175.17
41,26832.97,76.18,4,727.09,Female,CityC,1,Divorced,14,0,8.71,185.42
43,63534.22,45.52,4,689.02,Female,CityA,1,Divorced,36,1,6.34,174.66
42,71562.98,77.89,1,667.77,Female,CityB,1,Married,15,1,5.66,191.33
62,37821.21,7.47,5,716.56,Female,CityC,0,Married,4,1,7.69,146.97
58,77156.31,49.27,2,780.91,Male,CityC,1,Divorced,1,0,8.34,207.3
46,65077.45,4.33,1,723.07,Male,CityB,1,Married,27,1,7.17,164.76
32,53770.68,7.2,4,765.05,Female,CityA,0,Married,40,0,4.96,142.16
62,69491.73,90.74,3,671.12,Male,CityB,0,Single,26,0,4.41,188.11
18,94060.39,14.79,3,699.58,Female,CityC,0,Divorced,30,1,7.94,148.14
42,62727.99,53.71,6,698.57,Female,CityA,0,Single,40,0,5.66,189.1
24,63723.31,41.7,4,705.93,Female,CityB,0,Single,35,1,7.34,187.22
26,53109.59,35.39,9,722.03,Female,CityC,1,Divorced,0,0,9.01,146.36
41,47252.33,90.08,3,654.05,Male,CityB,0,Single,28,1,9.24,201.81
18,72455.04,3.16,2,732.37,Male,CityA,1,Married,0,1,3.5,142.42
61,47158.74,66.72,3,618.61,Female,CityA,0,Single,7,0,2.69,141.21
25,61073.49,96.38,2,633.21,Female,CityA,1,Divorced,15,0,3.35,180.31
41,52835.14,56.46,5,806.78,Female,CityA,0,Married,27,0,7.76,176.2
28,67184.7,93.75,4,674.49,Female,CityA,1,Married,21,1,4.33,197.88
68,65004.93,6.17,3,736.48,Female,CityB,1,Married,17,0,2.56,159.89
34,75563.1,42.46,5,784.91,Male,CityA,1,Married,21,0,1.89,185.28
25,52349.75,26.76,3,584.28,Female,CityA,1,Single,40,1,3.95,140.19
52,55951.88,73.35,1,756.31,Female,CityC,1,Single,11,1,2.23,170.11
52,45318.54,98.15,3,732.45,Male,CityA,1,Married,18,0,2.41,195.42
50,53335.6,26.4,7,782.02,Male,CityC,1,Divorced,24,0,7.15,178.34
22,65659.51,65.76,3,640.92,Male,CityC,1,Married,4,0,1.18,158.25
59,71354.83,20.61,2,772.56,Male,CityC,1,Single,33,1,2.06,180.09
56,46167.52,56.97,5,663.03,Male,CityB,1,Married,38,1,8.6,188.65
58,73044.09,46.93,2,752.74,Male,CityB,0,Single,9,0,8.6,189.91
45,80334.57,97.23,4,698.2,Male,CityC,1,Married,6,1,3.96,199.17
24,66201.52,61.24,1,738.54,Male,CityB,1,Divorced,36,0,1.79,176.2
26,88151.94,35.6,3,702.44,Male,CityA,0,Married,14,0,7.34,161.28
25,48393.16,12.3,8,608.03,Female,CityB,1,Divorced,23,1,4.24,155.03
29,41330.18,15.97,3,543.97,Male,CityA,1,Divorced,25,0,1.41,116.0
51,33319.2,23.31,5,710.5,Female,CityA,0,Married,25,0,2.42,154.55
50,82440.66,25.85,6,686.81,Female,CityB,0,Divorced,25,1,2.23,168.42
65,69815.48,85.21,5,719.91,Female,CityB,1,Divorced,9,0,6.3,232.92
40,59166.23,56.56,4,687.39,Female,CityC,0,Single,16,0,9.08,166.16
41,64199.53,52.82,3,800.9,Female,CityB,1,Single,13,1,8.14,202.43
54,43117.66,12.36,4,711.53,Female,CityB,1,Divorced,1,0,5.92,150.53
52,96686.28,86.15,0,677.65,Female,CityB,1,Married,12,0,4.8,195.25
61,61938.32,72.56,8,716.87,Female,CityA,0,Divorced,26,1,6.57,204.61
57,61640.92,7.7,2,678.57,Male,CityA,1,Married,8,1,4.99,152.36
39,70886.5,71.08,4,704.65,Female,CityA,1,Single,6,1,3.21,177.25
44,67215.14,54.81,0,639.13,Female,CityC,0,Married,9,0,7.11,161.13
52,63358.26,9.09,1,699.57,Female,CityC,1,Divorced,8,1,8.86,167.14
18,48142.88,46.37,7,676.11,Female,CityC,1,Divorced,21,0,4.36,168.6
52,67072.03,48.98,4,643.86,Male,CityA,1,Divorced,22,1,8.57,179.96
54,88230.37,17.41,5,798.79,Female,CityB,1,Divorced,6,0,4.88,176.9
64,80181.3,94.62,1,645.81,Male,CityC,1,Divorced,8,0,4.61,195.53
31,83897.8,85.15,5,700.35,Male,CityC,1,Married,26,1,1.25,210.48
20,52331.76,67.23,1,659.86,Female,CityA,0,Divorced,23,0,7.26,152.25
18,45155.93,46.77,2,714.85,Female,CityC,1,Single,28,0,8.27,171.31
22,58113.2,41.76,1,636.28,Male,CityB,1,Divorced,16,1,6.97,138.48
43,60835.87,65.45,4,742.02,Female,CityA,0,Married,19,0,2.36,178.41
31,76412.87,55.0,3,801.81,Female,CityA,1,Divorced,6,0,1.93,185.57
56,34613.03,7.17,1,658.02,Male,CityB,1,Divorced,39,0,6.16,167.59
44,82943.25,51.74,3,760.85,Male,CityB,0,Married,6,1,4.61,184.1
26,57629.88,80.83,2,680.91,Female,CityB,0,Divorced,27,1,4.86,168.33
32,53596.78,46.46,2,775.29,Female,CityC,0,Married,18,1,9.71,154.23
32,44818.43,6.14,1,809.42,Female,CityB,0,Divorced,19,1,7.52,147.7
43,35177.15,78.84,3,688.31,Male,CityA,0,Single,38,1,4.71,169.89
59,72347.56,20.94,2,623.99,Female,CityB,0,Divorced,39,1,1.17,155.92
30,61099.77,26.6,3,747.4,Male,CityA,0,Married,6,1,1.31,132.01
68,40650.59,17.31,3,711.22,Male,CityA,1,Single,5,1,7.16,151.59
49,40573.82,33.69,5,725.09,Female,CityC,1,Married,24,0,8.54,156.42
56,54963.23,75.92,6,683.01,Male,CityB,1,Divorced,40,0,7.37,196.82
66,85035.32,52.42,3,655.78,Female,CityC,0,Single,12,0,4.65,163.53
69,56106.13,21.28,5,758.02,Female,CityB,1,Married,38,0,1.28,185.48
49,37452.86,87.91,2,715.99,Male,CityB,0,Single,39,1,9.71,183.63
21,56313.85,88.08,2,627.82,Female,CityB,1,Single,21,0,9.88,199.32
47,55909.15,87.19,4,734.34,Male,CityB,1,Married,16,0,5.94,188.79
54,19546.7,24.64,3,724.31,Male,CityB,1,Single,21,0,1.64,161.46
40,59185.58,45.67,2,683.74,Female,CityA,1,Married,33,0,5.87,155.55
56,56535.98,98.51,1,780.99,Female,CityA,0,Single,7,0,9.03,200.23
62,70443.1,77.43,5,669.09,Female,CityB,0,Single,17,1,7.12,192.57
32,87734.34,3.69,3,691.55,Female,CityA,1,Single,23,1,7.48,154.81
60,76898.48,7.46,4,738.43,Male,CityC,0,Divorced,1,0,1.76,140.53
46,55966.67,46.93,1,703.84,Male,CityC,0,Divorced,1,0,1.96,139.44
53,43402.11,91.01,3,630.78,Male,CityC,1,Married,26,0,2.15,181.98
30,98600.4,54.33,4,709.19,Female,CityB,0,Single,13,0,9.14,179.8
49,60888.28,50.28,2,679.28,Male,CityB,0,Married,38,1,5.73,176.93
24,60208.94,11.44,2,742.85,Male,CityA,0,Divorced,11,0,8.12,144.25
68,59638.12,66.02,2,707.56,Female,CityA,0,Divorced,31,1,2.04,185.36
39,62971.27,82.39,4,704.73,Female,CityA,1,Divorced,27,0,9.35,196.43
45,57834.59,38.66,5,647.59,Female,CityC,1,Divorced,27,1,8.39,172.69
19,51395.07,77.79,2,688.5,Male,CityC,0,Married,24,1,3.02,175.6
59,51797.12,96.48,2,748.51,Female,CityC,1,Single,3,1,8.87,190.87
62,59508.7,21.17,4,661.17,Male,CityC,1,Married,25,0,3.37,148.37
23,51848.63,52.81,0,698.37,Male,CityA,1,Single,35,0,2.85,155.96
45,49307.31,29.43,3,653.18,Male,CityB,0,Divorced,2,1,3.38,114.19
45,61596.45,79.49,0,640.81,Male,CityB,0,Single,0,0,9.19,183.23
61,56175.34,58.18,2,695.76,Male,CityC,1,Divorced,16,0,9.24,182.71
61,82559.89,63.82,2,708.69,Female,CityB,1,Married,6,1,3.96,184.55
37,20235.45,79.99,1,799.69,Male,CityB,0,Single,4,0,7.35,167.31
47,76372.6,40.2,4,677.23,Female,CityB,1,Married,18,1,7.08,174.01
28,78691.28,91.59,5,697.49,Male,CityC,0,Divorced,38,0,8.26,206.65
45,28899.15,53.77,1,637.5,Male,CityA,1,Married,33,0,3.67,146.91
42,54859.69,16.64,4,730.61,Female,CityA,0,Divorced,34,1,5.59,140.04
56,54428.39,69.89,0,719.9,Male,CityB,0,Divorced,15,1,7.01,172.98
50,38887.32,79.53,6,774.42,Male,CityA,0,Divorced,39,1,1.24,195.89
18,48332.75,32.36,5,755.58,Female,CityA,0,Married,38,1,4.39,159.88
44,43341.36,85.86,1,717.57,Female,CityC,1,Married,26,0,7.26,198.28
69,86284.06,90.71,5,676.5,Male,CityC,0,Single,40,0,3.27,202.43
30,74035.18,28.41,1,710.23,Male,CityB,1,Single,37,0,9.62,173.45
58,79073.33,98.37,4,694.45,Male,CityB,0,Married,24,1,1.27,185.16
20,70825.08,14.93,2,747.67,Female,CityB,0,Married,25,0,9.62,163.05
56,43064.22,21.0,1,741.31,Male,CityC,1,Married,13,0,2.95,144.19
23,52132.2,19.24,3,685.18,Female,CityA,1,Married,13,0,1.44,132.93
25,67340.62,89.5,3,626.9,Female,CityC,1,Divorced,13,1,3.63,185.06
44,41668.08,65.77,6,766.67,Male,CityC,0,Divorced,24,1,8.08,179.02
26,70694.98,16.06,0,729.09,Female,CityA,0,Divorced,35,0,7.77,167.92
54,56395.12,44.59,3,684.03,Male,CityA,1,Married,3,0,2.88,160.71
50,54377.69,61.91,5,727.14,Male,CityB,0,Divorced,14,1,2.77,164.74
68,70664.4,9.26,1,703.74,Female,CityA,1,Divorced,31,1,6.78,156.28
59,66663.95,88.36,3,765.93,Female,CityA,0,Single,17,1,5.12,203.18
61,54585.51,80.56,4,603.51,Female,CityA,0,Single,13,1,8.13,179.81
41,77389.95,51.02,2,680.14,Female,CityA,0,Divorced,0,0,1.22,154.27
32,43784.05,96.75,3,779.95,Female,CityB,1,Divorced,19,1,6.49,199.97
49,69239.03,42.36,7,728.16,Female,CityB,0,Divorced,9,0,7.58,171.68
49,68896.52,98.43,1,788.63,Male,CityA,1,Married,9,1,9.94,212.09
41,55356.8,67.12,3,638.91,Male,CityA,1,Single,23,0,7.11,174.56
58,64892.0,63.83,3,753.61,Male,CityB,0,Single,33,0,3.09,198.3
69,41233.3,17.43,1,750.61,Female,CityB,1,Single,27,1,1.97,151.78
66,73860.41,88.31,1,615.91,Female,CityA,1,Divorced,26,0,6.77,194.82
66,57226.47,43.32,2,685.22,Female,CityC,0,Married,39,0,5.71,186.7
69,52159.15,17.06,2,694.67,Male,CityB,1,Single,0,0,9.09,169.06
29,75735.14,2.25,6,619.02,Male,CityB,1,Single,32,1,7.54,165.04
56,49434.84,56.42,1,686.27,Female,CityB,0,Married,3,1,5.59,151.74
19,38873.08,53.21,3,743.66,Female,CityA,0,Divorced,6,1,4.63,140.57
20,36650.56,72.22,3,680.45,Female,CityA,0,Divorced,8,0,4.64,147.32
66,69090.15,89.14,4,712.11,Female,CityB,1,Single,15,0,3.04,192.96
54,40793.56,8.86,2,712.47,Male,CityA,1,Single,4,0,1.16,135.43
66,86321.91,73.42,3,699.39,Male,CityA,0,Married,33,0,6.17,220.97
34,28771.06,19.55,4,664.74,Male,CityB,1,Single,22,1,2.91,141.28
66,85446.85,85.96,2,732.94,Female,CityA,0,Married,24,0,2.87,189.51
19,63165.26,82.09,3,620.65,Male,CityC,0,Single,12,0,2.13,161.2
19,58549.3,54.54,2,700.43,Female,CityA,0,Single,23,0,2.71,155.15
45,51826.21,71.31,4,769.27,Female,CityA,1,Single,10,1,1.29,182.04
40,65987.04,32.12,1,677.63,Female,CityB,1,Divorced,16,0,7.07,154.76
54,59435.48,47.65,3,663.63,Male,CityB,0,Married,36,1,4.61,169.36
49,76549.53,82.34,5,736.28,Male,CityC,0,Married,12,1,6.05,204.7
50,61713.41,46.47,2,708.17,Female,CityA,1,Divorced,26,0,6.73,169.67
18,62254.53,36.42,4,737.27,Male,CityC,0,Divorced,19,0,9.75,160.97
36,54545.82,49.93,2,701.92,Female,CityC,1,Divorced,32,0,1.61,163.57
19,59145.82,83.0,1,580.59,Female,CityB,0,Married,31,0,4.76,171.84
61,64617.03,34.19,3,759.0,Female,CityA,0,Single,7,1,3.21,171.0
43,34347.47,18.2,4,803.5,Male,CityB,1,Divorced,28,1,5.29,142.95
49,39777.22,71.49,7,764.2,Male,CityC,1,Divorced,39,1,9.28,218.79
23,71148.96,82.77,4,523.06,Female,CityC,1,Divorced,18,1,7.52,190.0
49,62562.98,10.96,6,722.55,Male,CityB,1,Single,5,1,6.96,173.28
21,57240.25,24.75,4,676.66,Male,CityB,1,Single,38,1,4.97,156.6
28,60276.51,15.06,1,645.79,Male,CityB,0,Divorced,40,1,7.04,144.43
34,65213.73,35.45,1,706.14,Male,CityB,0,Single,20,1,1.29,130.05
55,51903.6,45.58,7,692.55,Female,CityB,1,Divorced,21,1,6.28,160.61
41,48325.43,75.13,4,725.43,Male,CityC,1,Single,9,1,5.98,177.42
22,62937.68,65.46,3,702.83,Female,CityB,0,Married,9,0,4.12,160.59
69,45324.41,62.47,3,643.96,Female,CityA,0,Married,28,0,2.81,166.38
51,66123.79,35.89,3,671.17,Male,CityC,1,Single,15,0,8.27,181.68
23,34461.25,84.3,3,663.1,Female,CityC,1,Married,0,1,1.48,182.16
39,75437.33,47.66,1,614.18,Female,CityA,0,Married,16,0,1.63,143.97
28,67088.96,97.93,1,631.42,Male,CityA,1,Married,29,1,4.96,179.92
65,63840.45,63.78,3,689.45,Female,CityC,0,Divorced,25,1,3.27,182.76
33,74740.36,13.5,0,771.19,Female,CityB,0,Single,18,0,7.71,157.78
50,84982.12,67.94,3,673.22,Male,CityC,1,Single,20,1,6.71,192.46
26,75215.55,33.19,3,662.13,Male,CityC,0,Single,16,0,7.95,167.22
23,32386.89,68.95,0,640.94,Male,CityA,0,Married,39,1,3.92,140.88
33,40806.35,7.89,2,701.53,Male,CityC,0,Divorced,20,1,7.66,132.44
46,50627.72,18.31,1,758.96,Male,CityB,1,Single,40,0,8.76,172.98
20,60391.37,85.72,2,800.13,Female,CityA,0,Married,39,0,4.11,181.31
37,67764.89,23.49,4,714.27,Female,CityC,1,Divorced,18,0,4.06,146.18
53,49113.84,83.87,4,707.0,Male,CityC,0,Divorced,6,0,9.1,184.48
36,62801.5,28.65,1,672.83,Male,CityB,0,Single,16,0,1.45,150.4
43,48669.26,64.65,3,681.17,Female,CityC,0,Single,0,0,4.15,161.59
20,50827.23,69.72,3,731.46,Male,CityC,0,Married,36,1,2.07,177.84
36,38900.08,51.75,2,684.26,Male,CityC,0,Single,5,1,1.26,125.58
37,46151.5,31.23,2,691.89,Female,CityC,1,Married,25,1,2.02,151.66
49,39724.73,22.05,3,698.73,Female,CityB,1,Divorced,1,1,4.88,127.48
24,45361.9,4.29,2,670.46,Female,CityC,0,Divorced,31,0,7.18,134.62
69,75804.63,31.09,3,696.25,Male,CityC,1,Divorced,4,1,3.6,182.86
58,45759.02,65.66,2,599.03,Female,CityC,1,Divorced,36,1,8.65,196.51
50,99485.73,93.89,1,727.44,Male,CityA,0,Single,30,0,4.94,231.62
57,67399.77,87.25,0,817.59,Female,CityB,1,Single,11,1,9.71,221.0
56,62772.54,76.84,3,672.4,Male,CityA,1,Married,34,0,9.59,210.78
35,47124.63,79.06,4,718.69,Male,CityA,1,Married,29,0,7.96,202.63
57,70504.65,66.83,4,742.58,Male,CityB,1,Married,5,0,9.39,206.11
18,51365.43,26.77,3,764.01,Female,CityA,0,Married,14,1,7.36,140.52
28,61830.15,90.81,3,686.78,Female,CityA,1,Married,14,0,9.06,179.36
45,98401.27,67.4,6,609.83,Female,CityA,0,Divorced,15,1,3.13,191.97
42,58559.1,56.48,4,713.36,Male,CityB,0,Divorced,19,1,4.11,188.11
67,77239.1,11.99,4,706.43,Female,CityC,1,Divorced,12,1,7.78,184.16
40,49452.35,45.26,5,682.72,Female,CityB,0,Married,30,0,4.82,143.38
48,59475.17,46.58,1,693.32,Male,CityB,1,Divorced,33,0,8.54,177.15
47,86562.01,86.59,4,707.18,Male,CityB,0,Divorced,28,0,8.9,209.23
59,50595.49,55.12,2,718.09,Female,CityA,1,Divorced,2,1,3.7,146.21
52,87186.73,38.66,4,715.99,Female,CityC,1,Divorced,8,1,8.41,175.17
24,70616.28,97.7,5,689.12,Female,CityB,0,Single,10,0,2.39,179.68
33,51563.0,11.96,2,719.21,Male,CityB,1,Married,10,1,4.01,143.22
43,69486.12,42.83,4,685.75,Female,CityC,1,Married,24,0,5.66,169.09
65,74588.32,5.16,1,732.1,Male,CityC,1,Single,21,0,3.04,146.93
69,69327.15,74.25,2,668.63,Male,CityC,1,Divorced,8,1,6.21,201.7
66,36446.63,91.89,4,703.65,Female,CityA,0,Divorced,19,1,6.21,180.43
19,49092.94,28.72,1,618.81,Female,CityC,0,Divorced,20,0,2.86,121.81
18,56287.22,85.98,1,681.5,Male,CityA,0,Married,9,1,8.16,162.04
65,58883.5,29.93,0,728.37,Male,CityB,1,Married,21,0,6.68,162.89
29,69310.08,91.17,3,648.31,Female,CityA,0,Married,28,0,3.86,194.52
22,62665.52,75.64,3,683.99,Female,CityC,1,Married,8,1,3.09,161.53
54,39969.83,80.69,4,579.75,Female,CityA,1,Married,4,0,8.91,174.12
49,65702.97,2.78,2,631.6,Male,CityC,1,Single,39,1,8.52,162.73
26,69158.79,96.32,3,644.68,Male,CityA,0,Married,10,0,3.07,152.67
58,68396.86,72.94,6,705.09,Female,CityB,0,Divorced,0,1,1.32,175.63
52,76211.71,31.17,2,716.67,Male,CityA,0,Married,0,1,8.24,146.0
36,72508.83,83.11,2,697.2,Male,CityB,0,Single,38,0,6.54,200.76
65,66887.7,28.87,2,680.87,Female,CityC,1,Divorced,4,1,1.91,143.42
33,58947.51,87.4,4,681.04,Male,CityB,0,Single,21,1,6.29,187.48
20,35085.59,12.15,1,735.8,Female,CityC,0,Divorced,25,0,5.07,123.54
37,66444.27,70.66,4,710.64,Female,CityC,0,Married,5,1,7.97,170.41
41,63115.32,54.53,3,683.3,Male,CityB,0,Single,31,0,2.88,168.82
50,64073.68,10.56,3,764.66,Male,CityB,1,Divorced,10,1,5.08,145.22
41,40848.77,24.95,5,797.5,Female,CityA,0,Married,9,0,2.41,143.58
69,43784.15,2.23,3,637.71,Male,CityA,0,Divorced,38,0,9.62,159.54
28,75797.29,47.41,1,726.13,Female,CityB,0,Single,33,0,8.01,187.56
66,59406.67,30.83,1,854.49,Male,CityB,1,Single,30,0,7.63,188.0
25,70222.51,60.24,3,714.01,Male,CityB,0,Single,11,1,7.21,166.89
53,60424.78,30.43,5,705.77,Male,CityB,0,Single,15,0,4.81,144.11
55,60446.34,30.69,4,697.21,Female,CityC,0,Married,37,1,9.31,169.4
57,74074.26,74.58,2,724.51,Male,CityB,1,Divorced,2,0,1.66,166.6
37,52259.33,5.77,7,737.74,Female,CityB,1,Married,1,1,8.23,159.25
52,61441.81,90.39,0,637.76,Female,CityB,0,Single,4,0,2.94,171.59
65,53065.87,85.37,4,698.68,Female,CityB,0,Divorced,10,1,3.92,174.88
42,53482.56,67.11,2,586.53,Male,CityC,1,Single,24,1,5.67,158.31
52,55362.42,59.73,3,689.53,Female,CityA,1,Married,34,0,8.04,194.26
42,63332.01,89.34,1,654.87,Female,CityA,1,Married,34,0,8.55,191.84
46,52818.77,19.35,3,716.96,Male,CityA,1,Married,21,0,6.25,167.3
35,78836.34,8.82,1,617.18,Female,CityA,1,Divorced,36,1,4.63,174.66
63,46580.89,24.71,3,674.38,Female,CityA,0,Divorced,21,1,9.52,148.68
35,57196.93,79.66,6,748.33,Male,CityC,0,Single,10,1,3.22,169.78
19,53404.03,4.43,3,666.18,Female,CityA,0,Divorced,31,1,8.23,124.6
52,81704.67,58.7,2,604.75,Male,CityC,0,Divorced,34,0,6.51,181.76
33,62948.32,99.55,1,712.88,Female,CityC,1,Married,30,0,4.39,199.0
58,75477.67,85.71,4,670.67,Female,CityA,1,Single,7,0,1.01,185.88
53,37716.59,52.62,4,690.71,Male,CityA,1,Married,19,0,5.02,167.84
50,64005.75,7.3,3,663.51,Female,CityA,1,Single,33,1,3.49,146.05
21,73344.46,83.31,1,798.72,Female,CityB,1,Single,3,1,1.94,165.25
50,61234.26,60.3,4,622.1,Female,CityC,0,Divorced,17,0,1.68,150.25
31,75982.21,12.38,2,841.67,Male,CityA,0,Married,3,1,4.13,132.25
38,52240.67,10.29,4,680.47,Male,CityB,0,Divorced,19,0,6.53,132.43
65,81140.21,91.05,1,709.17,Male,CityC,0,Divorced,8,1,8.54,202.69
37,94483.47,67.25,5,671.26,Male,CityB,0,Divorced,15,1,2.65,182.49
25,54557.42,83.1,3,669.17,Male,CityB,1,Single,25,1,4.82,163.65
24,53317.46,88.02,1,660.76,Female,CityA,1,Married,37,1,4.53,194.0
20,81800.77,57.61,2,730.06,Male,CityC,1,Married,24,1,5.62,184.01
34,83693.58,52.23,1,629.46,Male,CityB,1,Divorced,3,1,8.29,158.19
50,52157.1,43.61,5,718.21,Male,CityC,1,Single,40,0,5.98,183.02
65,53697.2,32.38,1,590.78,Female,CityA,0,Married,40,1,8.62,155.03
29,55773.23,44.03,3,713.68,Female,CityC,0,Married,37,0,5.67,157.13
68,39833.24,77.61,2,742.46,Male,CityB,0,Divorced,18,0,6.43,187.35
39,46220.22,60.59,3,636.27,Female,CityB,1,Single,13,0,4.94,150.05
39,44937.89,89.36,2,733.94,Female,CityC,1,Divorced,20,0,8.41,194.91
63,48483.04,44.89,5,702.57,Female,CityB,1,Married,14,0,9.31,168.05
47,59479.73,61.1,4,779.92,Female,CityB,1,Single,2,0,6.75,184.51
55,63513.22,63.5,5,657.24,Male,CityB,0,Divorced,36,1,8.39,193.16
55,83257.51,59.58,2,840.8,Male,CityA,1,Married,15,1,1.53,199.23
62,45024.69,70.56,3,580.46,Female,CityA,0,Divorced,13,1,9.16,166.07
68,74764.84,24.51,2,683.52,Female,CityB,1,Divorced,8,0,2.7,159.4
25,56790.17,51.72,1,615.07,Female,CityC,0,Divorced,6,0,3.31,124.24
44,59258.04,11.32,3,792.55,Female,CityA,1,Single,13,0,1.48,142.68
44,70122.29,39.07,1,686.91,Male,CityC,1,Married,5,1,9.69,173.36
51,43159.17,49.28,7,691.42,Female,CityB,0,Married,20,1,8.67,159.39
38,65736.15,65.57,6,722.16,Male,CityB,0,Married,14,1,9.22,171.8
47,62496.78,95.1,3,699.76,Female,CityC,1,Married,7,0,8.62,213.91
50,67386.77,60.46,4,670.31,Male,CityA,0,Single,33,0,5.32,178.5
45,64337.53,74.62,1,637.17,Female,CityC,1,Divorced,39,0,9.32,203.19
64,96829.5,51.12,1,708.43,Male,CityC,1,Married,0,1,9.73,204.21
50,50433.9,63.78,2,718.94,Male,CityB,0,Single,31,0,5.52,175.05
22,52035.05,8.02,3,734.77,Male,CityA,1,Divorced,4,0,2.58,129.5
65,50652.89,26.18,3,795.64,Female,CityC,1,Single,29,0,6.93,178.24
36,51667.84,36.82,1,591.31,Male,CityA,0,Single,21,0,9.78,162.32
21,50439.19,47.78,4,696.61,Female,CityB,1,Married,19,1,8.85,164.68
52,77835.25,5.52,1,759.59,Male,CityA,1,Married,15,1,8.76,172.02
66,81307.56,14.86,3,693.77,Male,CityB,1,Divorced,6,0,9.4,181.83
34,51438.81,28.4,3,583.09,Female,CityA,1,Divorced,6,0,9.05,148.04
61,47514.67,97.18,1,635.45,Male,CityC,0,Married,1,1,7.99,183.52
45,67071.23,33.8,2,716.43,Female,CityB,0,Single,13,1,7.46,157.13
47,51716.65,48.72,4,714.61,Female,CityC,0,Married,30,0,3.38,172.27
46,69493.98,20.41,2,733.63,Female,CityB,1,Divorced,40,1,6.59,161.35
63,63043.85,61.47,0,660.95,Female,CityA,0,Single,13,1,5.69,178.6
23,37263.84,28.79,4,712.99,Male,CityA,0,Single,4,0,8.76,149.98
52,83212.58,21.49,0,652.71,Male,CityB,0,Single,10,1,5.43,146.04
58,86938.17,52.14,2,713.0,Female,CityB,1,Married,39,1,2.15,200.43
54,50808.17,1.55,5,702.66,Male,CityB,0,Married,4,1,1.04,135.64
41,54184.48,1.76,1,658.96,Male,CityA,0,Divorced,28,1,7.1,125.99
46,64287.98,22.69,5,777.91,Female,CityB,1,Single,10,0,5.95,170.53
66,65016.85,4.64,4,614.72,Male,CityB,1,Single,4,1,3.98,131.0
63,69878.16,11.69,4,692.92,Female,CityC,1,Married,31,1,2.52,178.9
48,90153.07,34.55,3,657.85,Male,CityB,1,Divorced,35,0,5.2,194.66
52,57345.79,80.46,6,791.71,Male,CityC,1,Divorced,14,1,1.9,193.66
50,48025.54,57.63,2,729.92,Female,CityC,1,Single,18,0,4.02,167.89
69,39310.21,51.75,4,667.53,Male,CityC,0,Married,21,0,4.41,158.81
38,49036.05,30.06,2,686.01,Male,CityA,0,Single,33,1,5.19,141.46
49,59503.1,93.24,5,793.06,Female,CityC,1,Married,16,1,5.2,207.04
40,86918.37,40.3,3,652.69,Male,CityB,1,Divorced,11,1,3.31,158.62
50,52235.83,9.62,3,611.78,Female,CityA,0,Single,24,1,8.65,151.39
20,63356.82,62.09,3,714.55,Male,CityA,1,Single,16,1,4.2,183.95
35,59753.66,12.27,1,715.68,Female,CityA,1,Single,9,0,3.07,150.17
42,77825.9,35.18,3,733.3,Female,CityA,0,Divorced,27,1,2.58,155.15
59,97903.99,51.23,6,733.63,Female,CityA,1,Single,17,0,3.9,201.85
48,52036.97,87.55,3,788.54,Female,CityA,1,Divorced,17,1,1.61,196.61
20,52658.41,49.86,1,614.09,Female,CityA,0,Married,31,0,1.3,146.46
57,75662.41,70.52,3,639.86,Male,CityC,0,Divorced,13,1,6.45,161.19
63,70228.37,99.29,3,733.11,Male,CityB,0,Married,15,1,6.57,211.02
41,87700.61,14.02,2,644.72,Female,CityB,0,Divorced,17,1,5.77,139.24
67,68758.92,28.2,3,627.17,Male,CityC,0,Divorced,15,1,7.86,158.98
49,54610.62,40.06,0,793.29,Female,CityC,1,Single,16,1,1.35,174.64
64,68859.82,42.76,8,619.0,Male,CityA,1,Divorced,6,0,9.42,195.97
39,76630.55,41.69,1,682.44,Male,CityA,1,Single,11,1,1.86,173.59
40,72307.23,90.85,1,697.03,Female,CityC,1,Married,33,1,7.07,195.26
19,67609.11,71.69,3,765.46,Female,CityA,1,Married,9,1,2.2,168.6
44,76000.12,61.18,2,606.56,Male,CityB,0,Single,4,0,8.92,160.66
59,77539.43,31.63,2,720.77,Male,CityB,1,Married,20,1,5.6,178.1
19,80732.38,82.56,3,655.48,Female,CityA,1,Divorced,2,0,1.74,175.54
43,69730.65,95.55,4,731.38,Male,CityA,1,Single,18,1,6.55,221.55
34,57493.23,82.3,3,654.66,Male,CityA,1,Single,34,0,1.08,171.44
57,62200.71,1.15,7,778.62,Female,CityB,1,Single,5,1,7.98,162.81
50,78097.63,64.0,3,654.95,Male,CityA,0,Married,13,1,6.86,192.0
26,47745.96,6.06,3,576.9,Female,CityC,1,Married,3,0,2.91,104.12
60,65530.1,26.5,3,660.56,Female,CityA,1,Divorced,17,1,4.37,170.58
65,54099.92,6.89,5,686.93,Female,CityC,1,Divorced,28,0,1.07,153.94
56,60431.17,60.78,5,754.12,Male,CityA,1,Single,34,1,7.24,208.18
46,79176.78,68.97,4,637.08,Male,CityA,1,Divorced,37,1,3.9,187.77
59,62866.49,12.33,4,638.07,Female,CityB,1,Married,15,0,6.14,163.96
43,60696.55,39.0,2,748.03,Female,CityC,0,Divorced,19,1,9.61,163.73
52,39602.16,46.17,6,631.24,Male,CityC,1,Married,23,0,3.7,148.31
67,71193.8,37.54,3,691.05,Male,CityC,0,Divorced,34,0,9.91,191.19
42,69682.26,12.98,2,692.07,Male,CityB,0,Married,18,1,6.69,124.49
41,92448.82,42.48,6,710.88,Female,CityC,1,Married,3,1,3.18,175.03
30,55383.33,75.37,4,662.51,Female,CityB,1,Divorced,32,1,4.93,187.4
24,63287.25,8.03,3,653.65,Male,CityA,1,Divorced,1,0,7.66,147.62
53,63740.76,8.94,3,716.74,Male,CityA,0,Married,12,0,5.02,158.22
62,83661.8,36.12,6,655.2,Male,CityC,1,Single,29,1,1.62,201.53
37,58570.57,94.23,4,632.0,Female,CityA,1,Divorced,33,0,2.52,204.96
18,64185.32,67.19,2,761.39,Female,CityA,1,Married,29,0,8.12,193.88
25,69118.45,68.19,1,724.4,Male,CityC,0,Divorced,23,0,6.84,187.03
63,62799.14,36.83,3,788.38,Male,CityA,0,Divorced,32,0,6.13,183.57
33,53303.5,59.77,4,739.2,Female,CityC,1,Divorced,40,1,2.51,190.24
31,62911.35,2.0,5,636.59,Female,CityC,0,Divorced,9,1,8.54,131.0
29,76104.48,63.97,6,704.82,Male,CityA,1,Divorced,17,1,9.65,203.64
68,44602.27,91.42,2,649.22,Male,CityA,0,Single,18,0,1.37,164.34
40,61994.55,61.64,4,617.42,Male,CityA,1,Single,6,0,1.7,158.22
32,49498.19,87.5,4,677.64,Female,CityA,0,Single,18,0,8.96,185.44
45,77925.7,72.67,0,749.08,Male,CityA,1,Married,23,0,8.34,222.8
51,37152.2,12.94,4,713.75,Female,CityB,1,Single,14,1,6.56,153.79
19,51616.17,90.34,5,630.46,Female,CityA,0,Single,40,0,9.5,188.61
49,65658.18,7.58,2,675.88,Male,CityB,0,Married,22,0,6.82,139.23
40,83482.86,53.86,5,692.86,Male,CityC,0,Single,3,1,2.94,176.3
39,59013.75,15.07,4,615.54,Female,CityA,0,Divorced,37,1,7.56,148.56
68,51672.01,2.16,5,735.66,Male,CityA,0,Single,3,1,6.81,149.74
42,88217.36,42.78,2,688.56,Female,CityA,1,Single,4,0,9.87,189.71
39,38279.79,30.21,2,630.47,Male,CityC,1,Single,40,0,2.93,161.49
39,27017.91,49.11,0,627.64,Male,CityB,0,Divorced,22,0,6.38,144.71
66,66600.22,58.14,4,755.03,Male,CityB,1,Divorced,39,0,8.02,198.98
69,52469.19,5.33,1,680.96,Male,CityA,1,Divorced,36,0,4.05,138.62
59,44681.51,13.18,2,759.52,Female,CityA,0,Divorced,10,0,4.42,147.44
23,70625.35,56.31,3,778.61,Female,CityA,1,Married,10,1,8.99,188.07
32,63657.01,34.97,2,751.12,Female,CityA,1,Divorced,12,0,4.64,167.22
60,51538.82,73.19,2,673.33,Male,CityC,0,Divorced,13,1,6.62,188.63
54,40795.43,65.58,1,575.11,Female,CityA,0,Divorced,7,1,9.0,144.23
50,73086.86,84.71,3,715.65,Female,CityC,1,Divorced,24,1,2.89,212.16
25,69753.02,69.56,4,804.58,Female,CityA,0,Married,17,0,9.84,187.73
61,58512.36,43.56,6,698.23,Male,CityB,1,Single,17,0,7.32,199.95
61,87699.55,67.62,3,600.51,Female,CityB,0,Single,9,1,5.47,184.96
22,43948.73,28.26,2,666.26,Male,CityA,0,Divorced,6,0,4.88,111.02
56,37117.12,31.33,3,690.81,Male,CityA,0,Divorced,13,0,9.59,147.61
21,49621.38,79.11,1,645.1,Female,CityC,0,Divorced,14,1,2.85,169.03
23,59316.21,45.2,2,571.8,Male,CityA,1,Single,15,0,3.81,163.36
62,63650.09,80.04,1,695.11,Female,CityA,0,Single,1,0,3.77,176.04
49,56381.46,82.42,3,660.76,Female,CityA,0,Divorced,29,0,3.6,181.42
69,65280.83,85.9,4,788.63,Female,CityB,1,Single,29,0,5.22,220.49
47,41226.91,91.75,2,705.05,Female,CityC,1,Married,17,1,9.9,197.76
64,81656.47,43.67,2,723.48,Female,CityB,1,Divorced,30,1,9.0,199.8
52,58767.73,32.57,3,694.05,Male,CityC,1,Divorced,12,0,3.95,172.68
57,76759.44,58.64,2,704.69,Female,CityB,0,Married,19,0,4.81,184.17
69,65140.88,37.75,2,617.39,Male,CityA,1,Married,34,0,7.03,169.29
33,66851.3,60.51,3,647.99,Female,CityB,0,Single,22,1,1.15,164.23
30,68546.51,70.85,1,754.43,Female,CityB,1,Married,32,0,8.38,200.55
67,66715.63,69.15,6,710.47,Female,CityC,0,Divorced,37,0,8.92,204.3
59,69640.84,38.08,2,680.07,Male,CityC,1,Single,34,1,8.71,206.97
47,79937.29,17.52,2,724.31,Male,CityB,0,Married,35,0,4.38,166.56
36,62947.82,43.62,2,725.29,Male,CityC,0,Single,19,1,5.16,140.86
34,70635.06,15.12,4,799.54,Male,CityC,1,Single,2,0,1.11,151.84
36,58653.96,89.12,1,708.15,Female,CityC,0,Single,7,1,4.59,180.12
45,81601.76,35.24,2,646.87,Female,CityC,0,Single,39,0,5.14,161.12
43,49854.12,16.29,4,694.22,Male,CityC,0,Married,31,0,9.16,166.81
54,87014.11,3.52,3,730.38,Male,CityB,0,Divorced,28,1,9.05,162.63
43,59397.63,64.94,3,749.78,Male,CityC,1,Divorced,6,1,9.69,201.79
40,38538.37,64.05,3,619.25,Female,CityA,0,Married,1,1,8.97,143.93
26,61921.57,34.72,6,712.69,Male,CityB,0,Divorced,20,1,1.07,148.01
29,49784.23,8.1,3,655.14,Male,CityB,1,Single,5,1,6.77,130.94
18,72609.65,41.55,3,671.67,Female,CityB,1,Single,27,0,1.61,168.34
18,50210.64,31.81,1,742.29,Male,CityC,1,Single,35,1,3.45,175.48
64,53307.25,68.03,2,737.31,Female,CityA,0,Married,31,1,6.2,185.65
51,31656.89,60.97,4,666.09,Female,CityC,0,Single,8,1,7.31,154.73
49,53215.41,37.09,3,692.11,Female,CityB,1,Single,10,1,6.89,158.11
65,23641.81,22.57,3,673.2,Female,CityB,0,Married,22,0,1.44,113.53
42,36241.46,98.82,2,844.59,Female,CityB,1,Single,10,0,1.93,182.71
57,71406.22,45.95,3,713.92,Male,CityB,0,Single,1,0,2.16,145.4
62,71787.0,69.14,1,658.03,Male,CityC,1,Divorced,2,0,1.82,152.63
18,66381.86,14.91,2,766.11,Female,CityA,0,Married,10,0,2.6,136.09
33,45495.36,49.07,2,767.87,Female,CityA,1,Single,34,1,7.2,173.94
56,59284.33,3.73,3,789.58,Male,CityB,0,Single,14,0,8.48,170.99
22,59945.96,51.04,5,804.4,Male,CityA,1,Single,10,0,4.68,168.34
39,42624.53,96.44,3,735.39,Female,CityB,0,Single,30,1,7.24,196.95
46,82550.97,39.04,6,682.51,Male,CityB,0,Divorced,27,1,2.8,180.45
20,73160.43,4.86,2,689.87,Male,CityA,0,Divorced,27,0,9.76,164.39
29,56685.54,4.06,5,685.4,Female,CityB,1,Divorced,31,0,4.15,149.57
43,60403.29,39.41,6,679.81,Male,CityA,0,Divorced,24,1,8.61,185.2
33,63125.74,16.84,6,762.0,Male,CityB,0,Married,19,0,9.51,172.21
68,29373.98,3.31,3,700.04,Male,CityA,0,Single,27,1,8.78,155.2
54,56292.34,75.87,4,748.57,Male,CityB,1,Divorced,24,1,1.6,214.28
39,49770.24,46.39,3,733.83,Female,CityA,0,Single,10,0,6.85,156.63
46,44975.7,29.64,2,645.07,Male,CityB,1,Married,18,0,2.08,144.48
31,55783.5,90.11,5,614.14,Female,CityB,0,Single,27,0,1.05,165.64
45,86965.3,12.5,4,638.17,Male,CityB,1,Single,0,1,1.47,163.41
22,69612.64,95.64,2,678.66,Female,CityA,1,Divorced,4,1,9.25,217.64
64,51432.32,32.08,0,706.72,Female,CityC,0,Divorced,9,0,9.18,161.83
66,68588.74,88.95,0,667.58,Male,CityB,1,Married,33,0,3.03,181.79
47,80990.33,60.69,5,735.15,Female,CityB,1,Single,35,0,5.92,198.96
63,73869.51,82.84,6,673.62,Female,CityA,0,Divorced,1,1,9.6,207.91
69,60894.46,98.42,1,712.85,Female,CityB,1,Divorced,17,1,5.47,191.64
22,50295.95,29.55,2,705.88,Female,CityB,1,Divorced,12,1,4.54,140.19
29,70473.35,96.15,5,786.72,Female,CityB,1,Married,4,0,5.35,197.03
33,65902.28,39.56,4,651.24,Male,CityB,1,Single,19,1,8.11,170.7
43,73427.9,39.17,3,810.42,Female,CityC,0,Divorced,1,1,5.3,169.91
43,69527.58,34.7,2,670.28,Female,CityC,1,Single,10,0,8.05,148.25
65,75743.29,54.6,0,633.0,Male,CityB,1,Married,29,1,4.89,166.98
38,51971.47,16.26,4,689.15,Male,CityB,0,Single,31,0,3.27,129.44
56,79760.91,55.82,5,862.01,Female,CityB,0,Divorced,31,1,3.94,190.33
53,62963.99,54.63,2,744.76,Male,CityC,1,Single,37,0,1.7,185.23
50,91128.91,76.43,3,730.15,Male,CityC,0,Single,27,0,5.48,204.2
47,49662.18,83.53,7,739.76,Male,CityA,0,Married,9,1,2.33,187.96
54,86039.46,44.6,5,661.52,Male,CityA,0,Married,21,0,8.3,190.32
40,62968.66,30.93,3,716.3,Male,CityB,0,Single,16,1,4.79,148.34
27,50228.73,26.67,1,700.13,Male,CityB,0,Single,21,0,7.89,147.14
22,52741.71,20.27,3,790.45,Female,CityC,0,Single,18,0,9.59,166.87
53,55194.79,6.71,4,694.57,Female,CityB,0,Married,16,0,8.65,147.34
51,66362.49,34.9,1,681.09,Male,CityB,0,Married,23,1,9.56,163.56
69,67842.53,27.75,3,641.76,Male,CityC,0,Single,35,0,6.11,158.94
48,51394.5,96.68,3,707.0,Female,CityC,1,Married,31,0,2.49,187.57
27,59634.68,56.21,4,714.65,Male,CityC,1,Divorced,35,1,9.42,198.68
36,92134.06,35.38,1,639.92,Female,CityC,1,Married,27,0,8.82,181.65
49,85913.15,58.47,2,722.66,Male,CityA,1,Married,13,0,8.78,216.8
18,66544.86,14.78,3,711.66,Female,CityC,1,Married,35,0,7.24,158.44
22,60570.05,44.96,2,750.67,Female,CityC,0,Divorced,5,0,6.62,161.79
62,61800.47,63.0,1,760.62,Male,CityB,0,Divorced,8,1,1.13,169.19
21,69202.77,49.4,1,704.71,Male,CityB,1,Divorced,20,0,7.73,172.64
33,44658.11,40.78,3,648.18,Male,CityB,1,Single,11,0,1.82,138.22
41,56139.35,99.39,0,658.47,Male,CityA,0,Single,29,1,3.34,183.09
33,34971.24,88.15,3,788.11,Female,CityC,1,Divorced,30,0,5.96,198.62
19,65988.35,62.72,1,708.27,Male,CityC,0,Single,39,0,5.07,174.54
66,69707.94,57.37,1,787.31,Female,CityA,1,Single,3,1,1.14,182.11
45,52752.2,62.45,7,724.93,Male,CityC,0,Single,30,1,8.42,189.8
49,83609.8,20.93,3,737.69,Female,CityB,1,Divorced,26,1,8.91,171.15
44,41613.52,40.12,2,746.94,Male,CityA,0,Married,24,1,7.14,159.88
37,38034.38,4.91,4,638.84,Male,CityC,1,Divorced,4,0,5.87,125.51
41,63366.78,48.08,4,715.35,Female,CityA,1,Divorced,5,1,9.65,198.82
29,75706.47,54.76,0,638.15,Male,CityA,0,Single,4,0,2.08,150.24
67,85258.92,23.55,3,685.75,Male,CityC,0,Single,26,1,7.64,179.37
52,53116.74,96.44,3,732.01,Male,CityB,1,Married,7,0,2.16,192.03
50,76180.21,91.04,7,648.73,Male,CityC,1,Married,8,1,4.44,190.13
50,59422.37,72.49,3,727.97,Male,CityC,0,Married,14,1,6.27,173.2
68,57410.59,53.81,2,625.08,Female,CityB,0,Married,35,0,7.63,171.93
60,73254.9,87.13,4,757.17,Male,CityC,0,Divorced,40,1,1.03,207.85
54,69784.84,13.93,2,666.78,Female,CityC,1,Married,6,1,3.35,144.09
29,36354.12,79.26,2,648.64,Male,CityC,1,Divorced,31,1,5.84,167.54
20,82148.11,13.36,3,628.23,Male,CityA,0,Single,7,0,5.8,127.0
18,80701.37,79.63,0,671.03,Female,CityA,1,Married,14,1,6.74,183.4
50,50616.56,28.3,0,604.62,Female,CityA,1,Single,36,1,3.73,152.04
57,65937.05,87.83,3,672.58,Female,CityC,0,Single,18,0,5.86,192.25
27,67410.45,94.46,4,754.97,Female,CityB,1,Divorced,38,0,2.71,199.99
60,63910.11,15.73,6,690.56,Female,CityA,0,Married,5,1,2.68,150.44
61,51745.42,46.8,4,641.12,Male,CityB,0,Divorced,18,0,6.19,150.66
46,49925.65,98.12,2,711.31,Female,CityC,1,Single,27,0,7.17,198.6
30,59616.69,48.86,2,706.89,Female,CityA,1,Married,16,0,2.08,163.1
29,77590.94,86.49,8,797.83,Male,CityC,0,Single,18,1,2.11,197.16
48,68154.0,59.28,4,739.54,Male,CityB,0,Single,30,1,6.09,171.63
63,54440.79,38.16,3,715.28,Female,CityA,0,Married,10,0,3.43,140.16
19,71575.48,29.29,1,745.25,Female,CityA,1,Married,14,1,4.53,160.93
68,17271.86,21.12,2,693.28,Female,CityA,0,Married,9,0,4.61,132.44
67,77231.49,76.42,1,696.23,Male,CityA,0,Divorced,22,1,2.61,188.16
52,33904.29,39.27,3,782.95,Female,CityB,0,Divorced,2,0,1.01,145.54
40,54563.39,51.62,4,618.22,Male,CityA,0,Single,2,1,8.68,150.47
34,43204.95,49.74,0,748.4,Male,CityC,1,Married,17,0,7.44,172.28
43,40579.78,58.15,2,694.46,Male,CityA,1,Single,24,1,7.21,175.49
25,77412.4,86.69,5,685.43,Male,CityB,0,Single,19,1,5.92,183.04
46,52984.48,98.09,5,672.36,Female,CityA,1,Single,28,0,7.31,210.34
43,65197.56,41.35,3,707.68,Male,CityB,1,Single,21,1,9.42,185.24
27,59296.19,82.92,1,697.82,Male,CityB,1,Single,14,1,6.99,198.7
43,67155.61,76.69,3,679.26,Female,CityC,0,Married,38,1,3.39,198.32
51,61152.33,57.78,2,664.87,Male,CityA,1,Divorced,9,1,6.14,171.11
68,40755.12,95.65,5,604.73,Female,CityA,1,Married,20,1,4.98,184.86
58,74944.0,20.85,1,663.81,Male,CityA,0,Married,28,1,6.01,175.29
24,52593.65,11.82,3,674.39,Female,CityC,0,Married,31,1,5.66,145.18
21,36651.27,85.54,3,707.56,Male,CityC,1,Divorced,9,1,8.73,174.37
67,53578.27,44.48,4,798.15,Male,CityB,1,Divorced,12,0,6.87,166.79
62,82511.4,84.85,2,669.2,Female,CityB,0,Divorced,22,1,2.7,182.05
28,72753.33,89.42,2,648.81,Male,CityB,0,Married,22,0,1.57,164.26
46,54770.22,7.18,1,664.28,Male,CityC,0,Divorced,30,1,4.82,136.38
53,54761.13,88.46,0,707.67,Female,CityC,0,Single,3,0,1.14,168.24
42,55175.47,45.38,2,729.43,Male,CityC,1,Divorced,2,1,3.86,166.25
38,91151.22,51.53,2,736.42,Male,CityB,0,Married,20,0,4.31,194.0
53,65729.03,63.03,1,741.39,Female,CityC,1,Married,1,0,4.38,184.99
27,66450.62,92.71,5,748.46,Female,CityB,1,Single,3,1,9.81,190.64
54,75454.25,2.89,7,686.06,Female,CityB,1,Divorced,0,0,3.74,165.76
26,63581.84,48.21,2,802.66,Female,CityA,0,Divorced,14,1,3.39,179.08
41,56114.37,69.08,2,682.26,Female,CityA,0,Single,32,1,2.16,184.28
52,57054.75,72.55,2,705.47,Male,CityA,1,Married,5,0,5.6,166.52
66,58925.98,69.56,1,764.79,Female,CityB,1,Married,6,1,2.38,178.37
52,59441.67,14.31,2,728.32,Male,CityA,1,Divorced,18,0,6.55,171.02
65,70914.44,30.64,2,587.96,Female,CityA,1,Divorced,0,0,2.4,136.29
53,60779.19,36.51,5,700.28,Male,CityA,1,Divorced,38,1,6.19,168.7
35,70989.6,80.64,0,743.1,Male,CityC,0,Divorced,18,1,8.44,189.64
66,58789.25,28.6,3,632.83,Female,CityB,0,Divorced,25,1,1.38,141.28
56,61179.53,21.86,2,737.53,Male,CityA,0,Married,11,1,4.78,134.82
49,30026.99,95.79,5,719.51,Male,CityC,1,Married,21,1,5.15,202.65
41,73744.92,1.88,3,759.2,Female,CityC,1,Married,12,0,8.12,165.92
40,65197.33,99.78,5,665.4,Female,CityC,0,Married,27,0,5.21,189.74
49,74970.15,68.01,6,749.79,Female,CityA,0,Single,13,1,6.11,182.25
54,16556.17,83.02,3,707.98,Female,CityC,1,Married,21,1,8.12,181.27
29,91325.62,30.17,5,788.3,Male,CityB,0,Single,29,1,6.04,190.01
66,57906.16,2.42,2,839.3,Male,CityC,0,Married,19,0,4.22,159.09
30,76622.74,74.05,0,776.92,Male,CityC,0,Divorced,26,0,1.77,163.38
40,44401.41,83.58,6,724.03,Male,CityC,1,Divorced,37,0,7.57,208.8
42,69191.61,74.31,5,816.05,Male,CityC,1,Divorced,40,1,8.84,230.58
52,44198.77,15.14,3,730.17,Male,CityB,0,Single,33,1,9.73,156.81
58,50643.47,75.59,6,654.6,Female,CityA,1,Married,38,0,9.34,216.05
47,88710.47,77.12,3,698.04,Male,CityB,0,Married,40,1,8.18,200.66
34,57139.76,66.2,1,738.08,Male,CityB,0,Single,36,1,6.79,192.16
66,63261.49,76.85,0,741.3,Male,CityA,1,Single,0,0,8.03,191.37
37,73051.02,84.75,2,643.74,Female,CityC,1,Single,14,0,4.89,180.19
65,67435.23,61.75,2,645.32,Female,CityA,1,Single,31,1,6.35,187.64
42,62256.28,9.77,4,682.93,Female,CityA,0,Single,7,0,4.14,146.68
39,65474.42,49.28,5,726.73,Female,CityB,0,Divorced,32,1,3.94,178.0
30,96051.23,8.69,1,733.13,Male,CityA,0,Married,17,0,7.81,167.25
36,59135.72,41.35,4,707.07,Male,CityC,1,Single,28,0,5.09,184.68
66,63016.49,41.3,3,658.28,Male,CityB,0,Divorced,31,1,2.91,159.85
53,75759.82,7.53,2,786.85,Female,CityC,0,Single,32,1,2.82,163.14
29,76582.89,35.53,3,646.4,Male,CityB,0,Divorced,4,0,8.73,152.61
58,77805.45,11.99,2,765.12,Male,CityC,0,Single,17,1,7.1,175.68
36,69580.95,81.02,3,736.94,Male,CityA,1,Married,9,0,5.91,188.29
29,42854.93,94.82,5,764.02,Female,CityA,1,Single,35,1,4.61,201.14
26,84501.47,8.16,2,677.78,Female,CityA,1,Single,32,0,4.88,184.63
24,42804.82,95.56,5,692.87,Female,CityC,0,Married,22,0,1.52,182.56
45,64539.53,52.74,1,702.75,Male,CityB,0,Married,39,0,5.09,163.74
31,48685.86,30.66,0,676.18,Male,CityB,0,Single,4,1,8.16,143.93
48,59037.92,8.61,4,711.26,Male,CityB,1,Married,33,0,4.49,169.72
69,64931.44,50.56,6,778.95,Male,CityA,1,Married,23,0,4.45,187.73
36,64820.36,79.66,4,635.16,Female,CityC,1,Divorced,16,0,1.14,173.74
64,66328.81,71.0,3,667.14,Male,CityB,1,Married,30,0,5.12,186.34
33,84205.67,5.97,5,661.71,Female,CityC,1,Married,6,1,1.23,122.69
22,66803.01,8.22,2,695.28,Male,CityB,0,Single,16,1,6.13,136.44
52,56337.65,40.88,2,693.22,Female,CityA,1,Single,27,0,5.56,167.09
29,74461.31,30.23,2,738.62,Male,CityC,1,Divorced,37,0,8.56,173.52
42,77842.06,24.01,4,701.69,Male,CityB,1,Single,21,1,6.24,174.58
69,41585.88,28.82,3,715.14,Female,CityB,0,Married,14,0,3.91,127.03
38,68961.0,80.54,5,719.92,Female,CityB,1,Married,36,1,5.65,207.86
53,70517.59,92.99,2,712.27,Male,CityB,1,Married,14,0,7.3,204.63
40,55536.55,41.11,2,735.17,Male,CityA,1,Single,24,1,1.85,170.33
33,80635.6,90.7,3,693.88,Male,CityB,0,Married,20,0,6.59,178.1
56,57749.17,32.83,3,782.32,Female,CityB,0,Married,37,1,9.25,204.72
62,61883.65,48.17,4,827.08,Male,CityA,1,Divorced,1,1,3.69,199.77
59,57403.92,23.38,1,735.31,Female,CityB,1,Divorced,26,1,6.64,162.17
56,60233.69,64.41,0,711.4,Male,CityC,1,Divorced,31,0,8.39,207.14
31,43555.87,97.92,1,731.23,Male,CityC,1,Single,20,1,5.61,194.95
48,38399.24,60.75,4,644.95,Male,CityB,0,Married,3,1,7.46,148.5
22,83917.58,36.42,3,709.01,Male,CityA,1,Married,18,0,3.8,164.2
52,47295.58,65.13,4,663.43,Female,CityA,0,Married,1,0,3.75,148.84
40,45129.11,13.17,1,725.5,Female,CityA,1,Divorced,25,0,7.01,180.48
46,27699.15,88.98,5,663.68,Male,CityB,0,Married,33,0,7.35,193.31
60,50415.57,50.81,3,682.76,Male,CityB,0,Married,13,1,9.43,166.22
28,40153.65,45.49,4,606.4,Male,CityC,1,Married,14,0,3.02,141.74
35,84630.23,59.0,4,641.34,Female,CityA,0,Married,19,0,5.21,182.84
64,75147.26,62.85,4,717.74,Male,CityB,1,Married,33,0,3.25,209.01
29,49677.74,8.11,1,656.56,Female,CityB,0,Single,35,0,1.72,116.62
26,93786.54,68.58,4,753.19,Female,CityB,0,Married,18,0,4.63,193.54
27,74726.48,24.95,3,652.31,Female,CityA,1,Single,8,0,4.37,146.38
61,55127.53,71.68,2,722.66,Female,CityA,1,Married,6,0,3.43,179.35
34,22508.91,82.43,5,661.91,Male,CityC,0,Single,29,1,3.67,160.22
55,94364.14,80.59,4,719.27,Male,CityA,0,Married,12,1,4.24,208.56
24,39156.41,55.7,3,623.26,Female,CityB,1,Married,26,1,9.9,163.07
63,35319.02,52.5,4,677.34,Male,CityC,1,Married,34,1,8.05,182.83
30,75338.56,15.14,4,657.69,Male,CityA,1,Married,12,1,1.64,128.51
57,96596.29,77.76,3,744.16,Male,CityA,0,Divorced,14,0,8.85,212.63
59,80764.09,27.87,1,723.11,Female,CityA,1,Married,8,0,6.7,165.94
26,68458.64,50.17,2,638.37,Male,CityA,1,Single,22,0,9.02,158.82
67,68921.32,29.14,0,689.84,Male,CityB,0,Divorced,35,0,4.08,175.07
44,72801.23,14.25,4,661.38,Male,CityA,1,Divorced,39,1,5.18,170.31
19,71383.93,63.33,1,747.51,Male,CityB,1,Married,2,1,9.07,158.18
22,64217.87,6.38,5,763.58,Male,CityB,1,Single,33,0,3.45,153.82
46,61563.02,75.12,1,627.92,Male,CityB,1,Single,18,0,9.24,184.46
54,59061.1,32.44,4,741.34,Male,CityC,0,Divorced,27,1,8.46,174.85
55,48690.53,1.01,1,658.84,Male,CityB,1,Single,22,1,9.83,144.9
36,55789.87,51.6,6,687.35,Male,CityA,1,Married,39,1,3.92,148.92
25,34605.65,5.64,4,701.61,Male,CityC,1,Married,6,0,3.12,119.5
65,58524.91,28.34,1,790.83,Female,CityA,1,Married,40,0,3.98,192.69
62,45171.13,70.99,3,649.81,Male,CityB,1,Married,11,1,9.59,196.37
18,43446.16,7.21,3,741.74,Female,CityA,1,Married,13,1,4.0,129.33
39,62698.41,84.09,4,641.42,Male,CityC,0,Divorced,14,0,6.09,195.25
69,80880.03,1.38,2,637.97,Female,CityC,0,Married,2,0,4.63,123.72
34,73774.75,25.44,4,701.42,Female,CityA,0,Married,14,0,4.57,145.99
24,36442.49,74.35,3,701.09,Male,CityA,1,Divorced,23,0,2.74,174.6
42,45155.58,32.31,3,558.38,Female,CityA,1,Divorced,7,1,5.83,145.67
62,74111.57,11.09,2,757.98,Female,CityC,1,Divorced,4,1,8.64,170.18
21,45262.69,36.66,4,593.04,Female,CityB,0,Single,3,1,1.45,107.77
53,56630.5,27.77,3,692.7,Male,CityA,1,Single,13,0,9.0,156.65
23,68250.78,84.43,1,766.38,Female,CityB,0,Married,15,0,6.99,176.1
48,45474.83,32.02,1,810.46,Female,CityC,1,Married,19,0,6.55,158.01
36,61580.63,79.1,2,681.85,Male,CityA,1,Married,23,1,6.63,189.39
61,39989.62,89.3,2,628.35,Female,CityA,0,Single,5,1,3.67,158.7
56,50979.49,43.95,1,764.53,Female,CityC,0,Married,30,1,4.74,155.58
44,64796.73,91.08,6,743.26,Female,CityA,0,Married,5,0,8.19,192.8
27,36105.09,38.35,2,675.55,Male,CityB,0,Single,34,0,3.76,114.91
43,66607.12,96.44,5,669.21,Female,CityC,0,Divorced,14,1,5.23,192.2
36,59705.43,9.84,7,664.13,Male,CityC,0,Single,28,0,1.18,149.51
56,68287.35,69.01,5,682.77,Female,CityA,1,Married,2,1,7.6,180.81
20,63358.71,49.89,4,715.8,Female,CityC,0,Single,10,1,4.76,148.86
62,80462.11,39.38,3,671.7,Female,CityA,1,Divorced,2,1,5.73,176.73
30,61878.37,63.64,4,678.02,Female,CityA,1,Divorced,27,1,2.03,176.18
67,53558.92,70.68,1,732.06,Male,CityC,1,Divorced,9,0,9.93,199.52
45,61834.46,1.43,2,625.88,Female,CityA,1,Divorced,32,0,3.72,137.39
37,68149.47,17.53,4,681.2,Male,CityB,1,Divorced,15,0,6.71,154.37
45,60732.9,71.59,1,616.2,Female,CityB,0,Divorced,9,0,6.23,158.03
25,60608.88,66.97,4,705.42,Male,CityA,0,Married,32,0,8.07,171.31
58,49470.12,96.64,6,603.03,Female,CityB,0,Married,35,0,3.64,185.11
56,50056.49,76.34,3,744.5,Female,CityA,1,Single,2,1,7.8,176.55
18,38960.92,95.13,1,634.27,Male,CityB,0,Married,4,0,4.44,152.93
20,86243.65,70.55,2,611.37,Male,CityC,1,Divorced,11,0,4.7,165.08
30,41342.05,30.51,4,681.82,Male,CityA,1,Married,12,0,7.05,153.74
45,49606.42,11.43,3,785.56,Male,CityA,1,Single,23,1,8.06,180.76
66,49223.89,78.4,1,735.56,Female,CityA,1,Divorced,31,0,7.0,202.95
42,73423.87,64.77,7,603.88,Male,CityA,0,Married,15,1,9.1,183.54
50,55575.75,5.77,2,632.84,Male,CityA,0,Married,31,0,3.57,121.96
55,78716.13,36.64,5,680.22,Male,CityA,0,Single,36,0,9.11,202.31
23,49897.64,95.72,6,811.92,Female,CityC,0,Divorced,35,0,2.18,205.92
61,64184.91,50.54,1,653.05,Female,CityC,0,Single,20,1,6.94,165.28
62,47469.79,43.84,0,653.46,Female,CityB,1,Divorced,11,1,5.93,153.12
49,92177.24,46.31,2,776.37,Female,CityA,0,Divorced,20,0,5.45,178.34
62,42186.02,21.68,3,709.75,Male,CityB,1,Married,20,0,3.8,173.0
64,64647.31,37.5,5,752.65,Female,CityB,1,Single,5,0,5.53,186.94
38,69506.65,37.61,0,663.65,Male,CityC,1,Single,8,1,2.46,142.66
33,66206.99,6.18,0,694.92,Female,CityB,0,Single,0,1,4.32,135.22
38,57220.69,76.99,3,765.78,Male,CityC,1,Divorced,11,0,1.89,193.75
28,58052.69,42.23,4,692.76,Male,CityB,1,Single,13,1,6.15,164.41
54,60657.17,82.4,3,756.15,Male,CityA,0,Divorced,5,1,1.86,172.12
53,57794.97,85.18,4,719.36,Male,CityB,1,Single,0,1,2.44,172.27
52,74458.19,21.99,3,648.02,Male,CityC,1,Single,21,1,1.77,165.74
36,93157.85,66.08,5,699.18,Female,CityC,1,Married,33,0,4.43,201.43
37,51637.62,47.76,6,749.07,Male,CityC,0,Single,10,0,8.58,165.18
35,39452.96,88.14,3,733.47,Male,CityB,1,Married,2,1,9.16,182.85
64,58675.77,22.36,4,697.99,Male,CityB,1,Married,5,1,1.65,145.14
58,98695.64,68.1,1,605.41,Male,CityC,0,Divorced,5,1,6.71,194.54
66,47944.88,61.17,3,610.2,Female,CityA,0,Single,19,0,7.16,174.88
31,84586.75,30.23,3,620.83,Female,CityA,1,Single,20,0,5.8,167.16
32,85165.51,14.52,2,674.48,Male,CityB,0,Single,1,1,7.0,136.88
48,51696.18,65.51,4,681.14,Male,CityB,0,Married,25,1,3.1,159.84
18,68534.75,74.12,3,626.23,Male,CityC,0,Single,30,1,5.41,162.76
20,84425.95,32.25,5,751.13,Male,CityB,0,Divorced,25,1,4.52,158.68
33,54313.08,64.84,3,636.81,Female,CityB,0,Divorced,31,0,1.81,161.5
40,56946.29,40.12,3,631.47,Female,CityC,0,Single,9,0,6.63,141.02
28,51274.79,71.61,2,704.41,Male,CityC,0,Married,22,0,5.46,159.21
29,44778.65,20.72,0,748.7,Male,CityB,1,Divorced,5,0,3.48,127.64
27,50260.84,89.13,4,802.74,Male,CityA,0,Divorced,22,0,5.26,197.63
49,41640.9,29.45,3,729.13,Male,CityB,0,Married,27,0,7.98,151.03
33,60511.25,37.41,2,778.99,Male,CityA,0,Divorced,29,1,8.21,184.37
25,48450.4,6.75,4,639.4,Female,CityA,1,Married,13,1,6.85,134.36
55,63506.79,12.04,6,807.99,Female,CityA,0,Divorced,36,0,5.21,163.04
29,36661.57,52.07,4,606.93,Male,CityC,0,Married,31,0,6.18,154.31
41,64963.2,27.49,4,674.81,Female,CityC,1,Divorced,33,0,4.47,178.32
45,72502.93,83.71,2,728.03,Female,CityC,0,Single,40,1,2.14,184.11
25,30093.97,2.45,1,619.74,Female,CityB,1,Divorced,21,1,4.47,117.82
45,65610.85,38.53,1,653.65,Male,CityC,1,Divorced,30,1,5.77,172.66
53,78415.03,34.4,1,645.7,Female,CityC,0,Single,6,1,6.39,155.61
43,41855.38,2.91,4,684.49,Female,CityB,1,Single,40,0,9.42,155.99
25,85088.59,13.31,3,771.08,Male,CityB,0,Single,20,1,8.0,174.62
67,66285.29,41.95,4,700.84,Female,CityA,0,Single,15,0,2.37,162.03
45,49424.82,49.79,4,676.85,Male,CityB,1,Married,19,1,2.57,157.38
45,59163.46,41.02,2,555.78,Female,CityB,1,Married,18,1,1.9,128.32
54,68374.9,53.56,6,723.34,Male,CityC,0,Divorced,31,1,7.64,174.72
58,61140.08,59.92,3,739.5,Male,CityA,0,Divorced,14,1,7.36,181.76
53,68081.34,1.98,1,615.0,Female,CityA,1,Divorced,4,0,9.88,145.42
44,46189.9,46.95,3,696.65,Female,CityB,0,Married,10,0,5.7,160.71
34,62540.41,96.39,2,709.65,Male,CityC,0,Divorced,14,0,8.44,199.81
26,38794.28,52.38,2,748.23,Male,CityC,0,Divorced,28,0,6.19,156.14
50,58331.61,68.08,3,663.76,Female,CityC,1,Married,3,0,8.87,189.31
37,46441.39,31.87,3,656.23,Female,CityC,0,Divorced,35,0,7.49,148.74
30,48967.05,77.63,3,677.18,Female,CityB,0,Married,22,0,6.79,169.1
45,78541.4,77.52,3,764.22,Female,CityC,0,Married,14,1,6.09,191.35
65,76369.65,52.61,6,752.19,Male,CityA,1,Single,2,0,7.51,213.02
46,69137.07,97.63,6,698.93,Male,CityA,1,Single,31,1,4.78,201.35
30,43615.31,13.43,3,750.99,Male,CityB,1,Married,9,0,1.87,137.45
63,55253.87,2.68,3,581.57,Female,CityC,0,Married,39,1,1.36,127.28
52,78196.47,77.25,3,739.58,Female,CityC,1,Single,37,0,5.31,209.41
23,62125.75,80.91,2,644.06,Male,CityC,0,Divorced,21,1,6.39,166.69
35,94789.94,12.9,3,788.35,Male,CityC,1,Divorced,13,0,1.71,169.82
68,65899.77,27.29,3,646.79,Male,CityB,0,Divorced,16,0,3.58,166.3
22,62880.74,2.74,3,657.36,Male,CityC,1,Married,20,0,3.9,157.97
64,55363.25,30.04,1,728.12,Male,CityB,0,Single,14,0,6.07,162.42
42,62003.11,77.54,4,732.95,Male,CityC,0,Divorced,14,1,3.51,167.9
19,57712.95,52.28,1,677.68,Female,CityC,1,Single,0,0,1.86,142.44
27,70621.63,35.46,4,718.57,Male,CityA,0,Single,23,0,2.48,160.06
47,74350.53,37.8,2,724.77,Male,CityB,1,Married,11,1,2.57,163.22
67,48210.16,1.13,2,719.66,Male,CityA,1,Divorced,9,0,8.58,149.63
62,40031.51,30.68,5,679.77,Male,CityB,0,Single,30,1,3.56,153.34
22,32456.92,65.0,4,725.26,Male,CityC,0,Married,10,1,7.43,163.44
50,67619.87,97.45,1,770.32,Male,CityC,1,Married,15,0,6.11,211.59
18,43449.5,84.86,1,638.73,Male,CityB,1,Married,8,0,9.79,162.91
35,27706.64,3.34,5,658.0,Female,CityA,1,Divorced,13,1,3.46,131.17
49,65828.68,89.96,3,701.36,Male,CityB,0,Divorced,18,0,2.43,199.83
64,97394.99,78.54,1,647.19,Female,CityB,1,Married,30,1,1.47,186.7
66,59908.94,78.26,1,609.83,Female,CityC,0,Divorced,8,0,3.17,157.83
28,72577.36,46.34,5,754.66,Female,CityA,0,Divorced,35,0,7.16,180.01
38,61227.44,40.4,4,588.56,Male,CityB,1,Single,38,1,1.77,162.41
43,58516.66,30.99,4,679.88,Male,CityA,1,Married,25,0,3.2,144.3
42,73786.15,7.5,1,737.95,Male,CityA,0,Married,7,0,8.7,163.55
39,55645.88,23.6,0,713.33,Male,CityB,0,Divorced,23,0,6.25,147.12
44,64010.88,25.41,4,680.64,Male,CityA,0,Married,7,1,1.63,143.72
66,64825.47,48.92,2,645.13,Male,CityC,0,Married,18,0,1.43,158.87
30,49978.64,75.0,4,717.19,Male,CityC,1,Married,29,1,1.55,173.64
50,74880.64,47.91,1,650.58,Male,CityC,0,Divorced,21,0,9.48,179.9
51,57375.6,6.73,1,713.3,Male,CityC,1,Divorced,8,1,8.65,152.04
58,48663.82,95.82,4,707.05,Male,CityA,1,Divorced,3,0,8.6,176.2
52,68047.65,94.33,2,707.55,Female,CityC,1,Single,36,0,9.32,217.1
18,46522.98,78.73,1,667.98,Male,CityB,0,Married,7,1,5.55,148.65
38,60422.72,99.14,1,801.75,Male,CityC,0,Single,0,0,3.23,186.78
65,59863.22,54.9,3,717.91,Male,CityB,1,Divorced,27,1,4.61,214.41
23,76288.43,96.31,4,686.06,Female,CityB,1,Single,5,0,7.47,201.02
45,67120.47,8.48,2,713.21,Male,CityC,1,Married,35,1,8.88,193.08
34,59624.6,37.2,2,661.28,Male,CityC,1,Married,10,0,4.92,146.72
22,72266.49,23.31,4,680.68,Female,CityA,0,Divorced,4,1,5.82,137.88
48,80853.11,20.39,3,819.6,Male,CityB,1,Divorced,23,0,9.39,190.8
22,68367.15,14.94,1,661.63,Female,CityC,0,Single,17,1,1.97,133.11
55,60155.29,62.62,1,696.11,Female,CityA,0,Divorced,19,1,8.76,170.11
20,40322.46,78.35,3,677.19,Female,CityC,0,Single,27,0,2.43,141.3
40,44023.3,58.25,2,648.02,Female,CityC,0,Married,12,1,5.35,148.87
54,55421.63,15.55,3,721.05,Male,CityC,1,Married,4,1,2.97,136.3
54,50857.32,81.3,2,701.82,Female,CityB,0,Married,29,0,6.43,194.98
27,57195.43,63.96,6,745.55,Female,CityC,1,Married,0,0,6.03,183.73
27,60849.75,39.43,7,740.53,Male,CityA,0,Married,21,0,4.42,158.04
36,67945.39,67.74,4,745.04,Male,CityC,1,Single,17,0,8.77,201.74
34,58942.52,26.73,2,654.09,Male,CityC,1,Married,4,0,6.94,142.84
38,67297.52,35.17,2,732.05,Female,CityA,1,Single,30,0,7.49,179.3
31,60967.12,91.83,0,733.26,Male,CityA,1,Married,5,1,2.36,175.83
26,30368.0,29.76,5,648.95,Female,CityB,1,Single,26,1,8.95,150.3
63,45909.97,47.53,2,684.07,Female,CityB,0,Single,24,1,2.5,163.33
18,57838.69,89.12,4,627.19,Male,CityB,1,Single,28,0,3.01,168.43
68,41854.58,71.06,4,733.48,Male,CityB,0,Divorced,27,0,2.15,181.38
62,68998.93,7.16,4,733.25,Male,CityA,1,Single,15,1,4.96,168.47
30,82961.26,15.58,5,771.52,Male,CityC,0,Single,11,1,8.99,154.86
21,78281.43,1.78,3,688.56,Male,CityC,0,Married,19,0,3.27,129.28
18,56798.36,63.46,3,722.57,Male,CityC,0,Single,17,1,4.36,150.07
66,82360.89,45.32,5,749.39,Female,CityB,1,Single,33,0,8.61,208.64
57,62230.01,14.29,4,662.31,Female,CityA,0,Divorced,22,0,6.56,154.2
49,54943.71,95.84,3,654.7,Male,CityA,1,Married,26,1,7.76,190.8
51,50798.96,53.44,4,663.86,Female,CityA,1,Divorced,16,0,2.93,175.36
45,55462.95,24.95,3,682.54,Female,CityC,0,Divorced,20,0,7.45,163.44
48,54177.35,50.56,3,656.47,Female,CityB,0,Divorced,39,0,3.05,176.36
25,62556.24,68.28,4,666.01,Female,CityA,1,Single,30,0,9.89,165.12
56,62408.61,8.55,3,744.05,Female,CityB,1,Divorced,2,1,6.04,175.25
43,60045.69,28.2,1,695.18,Female,CityA,1,Divorced,16,0,7.26,162.72
51,66554.07,80.89,3,715.33,Male,CityB,1,Married,25,0,2.07,193.67
20,77859.69,46.51,2,672.46,Male,CityA,1,Married,22,1,3.26,165.93
67,74243.31,55.11,2,669.18,Male,CityB,1,Married,5,0,2.26,159.5
29,37726.53,43.85,4,714.28,Female,CityA,0,Married,27,0,4.51,155.03
18,21691.18,5.35,4,706.3,Male,CityA,1,Divorced,7,1,3.56,134.29
61,74014.8,17.41,1,738.9,Male,CityB,1,Married,7,1,7.6,170.14
22,39496.82,45.11,7,765.08,Male,CityB,0,Single,18,0,1.98,141.22
47,56628.52,21.71,3,665.43,Female,CityC,0,Divorced,37,0,7.77,144.6
47,42448.3,5.95,2,743.06,Male,CityB,0,Married,28,1,1.41,130.48
34,32970.29,84.52,6,646.01,Female,CityA,1,Divorced,22,0,2.82,164.75
65,68121.94,98.14,0,803.69,Male,CityA,0,Married,31,0,8.13,221.79
64,71387.33,79.52,6,660.68,Male,CityB,0,Divorced,9,0,7.68,206.29
40,51352.34,85.52,3,734.53,Male,CityC,1,Married,26,1,5.29,198.17
32,21134.37,24.96,3,645.64,Female,CityB,1,Single,0,0,1.45,115.26
54,51806.33,96.1,5,692.4,Female,CityA,1,Married,38,1,6.49,210.05
38,65877.06,20.5,5,777.29,Female,CityA,1,Divorced,28,1,4.66,176.35
31,37816.33,95.19,2,659.11,Female,CityC,0,Divorced,2,1,3.85,142.81
19,62750.4,99.49,4,810.21,Female,CityB,1,Single,36,1,6.76,223.38
28,59770.35,71.46,3,699.74,Male,CityA,0,Divorced,30,0,4.93,164.04
68,68689.37,98.13,6,748.79,Male,CityA,1,Single,10,1,1.83,220.51
56,61793.71,57.38,1,720.15,Female,CityA,0,Divorced,21,0,9.24,175.75
55,45403.97,26.69,3,722.85,Female,CityB,1,Divorced,17,1,8.01,173.66
51,77948.57,44.26,5,628.69,Male,CityB,1,Single,34,1,1.51,164.56
55,57622.06,59.76,3,676.36,Female,CityC,1,Divorced,5,0,5.73,181.02
67,59590.43,8.24,2,759.8,Male,CityA,0,Divorced,2,1,1.75,152.12
51,46000.98,62.61,0,682.78,Female,CityA,0,Single,4,1,8.54,144.15
35,53350.77,98.14,1,706.94,Male,CityC,0,Married,8,0,6.52,174.84
47,46727.96,19.82,4,622.63,Female,CityA,1,Single,27,1,2.55,149.59
32,57405.81,79.47,6,673.12,Female,CityC,0,Divorced,18,1,1.19,172.57
44,85675.63,90.88,2,756.15,Male,CityC,1,Married,27,1,1.28,203.76
68,39421.48,94.43,4,635.87,Male,CityA,1,Married,26,0,5.57,187.89
51,35796.58,96.05,1,735.85,Female,CityB,1,Married,12,1,7.61,190.56
69,82067.55,52.62,1,708.89,Female,CityB,0,Single,37,0,2.09,187.14
55,56860.14,97.75,9,688.2,Male,CityB,1,Married,20,0,2.99,200.33
50,49963.91,75.97,2,686.0,Female,CityB,0,Married,26,0,3.95,163.22
41,75598.57,17.01,2,675.45,Male,CityA,1,Married,5,1,2.96,160.68
32,50915.77,48.21,3,679.9,Male,CityC,1,Divorced,37,1,4.52,171.77
47,87390.15,72.11,4,746.49,Female,CityC,1,Single,10,1,6.04,180.86
59,70168.89,25.49,2,678.4,Male,CityA,0,Single,40,1,7.16,183.86
68,52681.33,64.42,1,790.38,Male,CityB,0,Divorced,16,0,9.67,181.36
34,92359.62,66.99,2,714.98,Female,CityC,1,Married,38,0,9.38,213.8
22,50914.28,17.11,1,671.19,Male,CityA,0,Divorced,6,1,6.13,128.74
46,71131.43,56.94,0,748.67,Male,CityA,0,Divorced,29,1,7.61,167.59
21,64489.39,77.39,3,731.19,Male,CityB,1,Married,20,0,9.56,192.59
27,79526.12,50.39,2,617.29,Male,CityA,1,Married,0,1,1.75,165.46
34,83422.67,2.2,6,648.28,Female,CityC,0,Single,24,1,1.05,154.83
27,60480.06,1.89,2,694.23,Male,CityC,1,Married,31,1,1.27,137.84
34,48698.73,36.35,2,620.82,Female,CityA,1,Divorced,7,1,6.07,151.6
37,66899.58,92.69,2,804.53,Male,CityC,0,Divorced,4,1,7.87,201.56
41,49834.27,23.64,6,741.11,Female,CityA,0,Married,29,1,4.3,166.21
22,90200.81,63.8,1,699.33,Male,CityC,1,Single,7,0,5.91,169.39
51,62048.03,22.99,4,682.86,Female,CityB,0,Divorced,18,0,5.65,170.82
23,54520.18,32.85,4,670.02,Male,CityC,0,Married,29,0,1.85,139.15
19,62770.2,84.96,2,601.8,Male,CityB,1,Single,14,0,3.89,169.62
30,39793.11,73.16,3,613.36,Male,CityB,1,Single,35,1,1.17,159.14
60,45425.79,10.44,0,795.06,Male,CityA,1,Divorced,26,1,2.0,154.74
60,78006.21,43.44,3,778.68,Female,CityB,1,Divorced,12,0,8.31,186.57
65,50146.59,3.89,4,671.21,Female,CityC,0,Single,13,0,8.46,142.81
28,44296.34,48.61,2,745.4,Male,CityC,0,Single,36,0,8.22,169.66
68,68049.79,66.58,4,725.32,Female,CityB,1,Single,29,0,7.54,220.07
64,77785.56,12.73,0,731.21,Male,CityA,1,Married,38,0,8.14,193.9
40,70784.3,29.6,2,628.74,Male,CityB,1,Divorced,12,1,7.04,170.69
33,74940.72,40.39,4,609.59,Female,CityC,1,Single,15,1,7.03,176.77
48,48648.07,92.03,4,759.13,Female,CityC,0,Divorced,6,0,7.01,204.14
28,38672.84,99.33,2,601.04,Female,CityB,0,Divorced,26,0,5.63,162.86
33,82520.0,5.45,3,692.59,Male,CityB,1,Divorced,34,1,4.27,163.11
25,55159.8,76.34,4,681.61,Male,CityB,1,Single,14,1,7.57,179.56
21,56237.5,37.8,4,676.99,Female,CityC,0,Married,27,1,3.69,149.29
57,79922.91,39.85,3,715.72,Male,CityC,0,Single,34,0,5.89,168.98
21,68343.45,75.67,3,666.12,Female,CityC,0,Divorced,6,1,4.9,166.37
42,66838.32,91.92,3,719.79,Female,CityA,0,Single,19,0,3.49,191.4
20,92475.04,95.14,2,707.06,Female,CityC,1,Single,31,0,9.77,216.98
49,50347.23,58.14,3,804.94,Female,CityC,0,Divorced,37,1,3.33,163.02
20,73917.6,36.35,4,630.73,Female,CityA,0,Divorced,39,1,3.78,159.48
44,60855.2,78.97,5,701.46,Female,CityA,0,Single,31,1,2.45,170.71
46,64028.88,25.85,5,721.57,Male,CityA,1,Single,25,0,8.41,184.49
49,82927.03,56.84,1,687.18,Male,CityA,1,Single,38,1,6.28,198.05
67,67617.54,36.5,5,633.15,Female,CityA,0,Single,19,1,6.52,170.19
68,68074.44,66.01,4,762.86,Female,CityA,0,Married,17,0,8.39,186.4
36,76087.61,24.8,2,716.85,Female,CityB,1,Single,14,1,4.09,174.72
38,54525.71,19.97,2,636.66,Male,CityB,1,Married,21,1,2.74,144.0
22,47411.85,91.91,1,721.93,Female,CityB,0,Divorced,21,0,2.79,157.39
35,44327.86,11.08,3,785.08,Female,CityB,1,Married,20,0,7.59,163.69
45,30504.65,51.09,5,698.18,Female,CityC,0,Divorced,1,0,6.53,148.65
59,90843.11,22.86,1,699.89,Male,CityA,1,Married,39,0,2.86,200.13
39,43451.87,4.85,2,778.4,Female,CityC,0,Divorced,17,0,2.31,125.28
38,56681.2,4.57,3,651.48,Male,CityA,0,Single,22,1,2.09,115.88
23,55847.8,18.35,3,786.38,Male,CityA,1,Married,12,1,6.65,160.83
18,64611.1,86.81,3,748.65,Female,CityC,0,Married,40,0,1.0,194.1
22,72236.06,28.97,3,653.79,Male,CityB,1,Divorced,8,1,1.16,168.13
58,72907.1,95.1,5,666.59,Male,CityC,1,Divorced,6,1,4.51,234.27
29,51253.84,58.58,4,673.76,Male,CityC,1,Married,40,0,7.22,167.91
43,57493.17,44.22,3,608.32,Female,CityA,0,Divorced,0,0,7.26,143.76
63,64238.7,58.43,5,713.02,Male,CityA,0,Single,1,0,4.87,159.33
51,56269.63,52.15,4,656.05,Female,CityA,0,Married,3,1,7.22,156.58
66,84110.18,76.12,1,714.83,Female,CityB,1,Single,13,0,5.69,226.05
31,67364.62,28.97,3,635.45,Female,CityC,0,Married,31,1,9.79,153.9
43,71023.17,35.95,3,746.15,Male,CityC,0,Single,35,1,2.46,169.2
62,69943.22,89.52,1,736.88,Female,CityB,0,Married,1,1,6.41,181.53
44,77602.11,94.7,5,664.71,Male,CityC,0,Divorced,39,1,5.42,196.13
26,62715.32,89.36,3,717.98,Male,CityC,1,Married,13,0,2.75,201.56
43,40547.52,42.53,2,704.15,Male,CityA,0,Single,19,1,7.75,138.46
64,65995.32,78.26,3,774.11,Male,CityB,1,Married,24,0,3.48,202.87
39,50229.65,48.16,3,648.38,Female,CityA,1,Single,7,1,4.44,154.99
64,52070.75,50.26,3,692.39,Female,CityB,1,Single,27,0,4.37,177.51
47,68795.46,21.26,1,667.97,Male,CityA,1,Single,20,0,3.2,151.17
60,78574.25,59.52,5,702.24,Female,CityC,0,Divorced,22,0,4.88,204.17
65,60319.07,19.43,1,726.66,Female,CityB,0,Married,31,1,5.26,138.94
34,64632.5,33.82,4,667.41,Female,CityB,0,Single,7,1,7.7,157.43
43,85533.22,85.65,2,681.79,Male,CityA,1,Divorced,30,1,7.89,216.26
53,63611.3,21.5,3,748.3,Female,CityB,0,Single,36,0,2.43,165.02
18,99025.25,8.04,4,767.87,Male,CityC,1,Married,15,1,6.33,165.57
25,68482.64,7.83,3,724.68,Female,CityC,0,Divorced,39,1,9.07,173.81
66,33588.56,94.14,8,693.1,Male,CityC,0,Single,26,1,1.98,197.48
52,71300.12,51.19,2,688.35,Male,CityA,0,Single,39,0,5.26,171.04
69,65717.38,41.53,2,727.41,Male,CityB,1,Single,40,1,7.75,184.59
32,79346.29,81.28,1,711.39,Female,CityA,0,Married,17,1,6.5,170.64
64,70097.72,83.75,1,617.55,Male,CityC,1,Divorced,34,0,1.91,192.95
39,57923.16,33.89,5,728.62,Female,CityB,1,Divorced,14,0,4.57,167.08
31,41635.53,69.67,2,656.97,Male,CityC,1,Divorced,26,0,5.57,165.18
43,56864.65,77.34,0,629.15,Female,CityB,0,Single,16,0,9.96,191.65
45,47242.19,65.81,2,616.58,Male,CityB,0,Divorced,39,0,2.61,155.79
40,51292.15,16.01,5,689.19,Female,CityA,1,Single,1,0,9.84,156.63
31,68828.68,87.71,4,649.17,Male,CityB,1,Married,30,1,4.39,192.32
41,85048.57,54.37,4,583.68,Male,CityC,1,Divorced,36,1,2.8,201.61
19,65920.07,28.96,4,682.08,Male,CityB,1,Single,40,0,4.73,148.91
62,42061.75,43.1,4,675.47,Female,CityC,1,Divorced,40,1,6.53,176.69
43,66669.04,4.72,1,692.5,Male,CityA,0,Divorced,33,0,2.92,148.33
31,77949.47,13.66,3,668.56,Male,CityC,0,Married,33,1,3.62,149.48
68,50853.26,76.79,1,791.47,Male,CityB,0,Divorced,2,0,8.69,170.71
24,57989.74,1.0,4,725.87,Male,CityC,1,Married,16,0,9.99,157.03
20,60220.32,42.24,4,675.02,Female,CityC,1,Divorced,13,1,3.86,140.74
64,48226.53,52.73,3,696.82,Male,CityB,0,Divorced,13,1,2.34,163.24
40,69724.21,6.41,3,770.73,Male,CityC,0,Divorced,37,1,8.14,163.79
63,58185.78,97.33,3,747.83,Female,CityB,1,Divorced,34,1,6.4,211.43
60,66292.99,23.39,4,630.19,Female,CityA,1,Divorced,0,1,1.9,158.12
64,46687.62,31.12,2,651.29,Female,CityC,1,Divorced,28,1,9.52,160.24
62,53438.13,31.09,3,660.91,Male,CityA,0,Married,3,1,1.7,122.43
35,70835.72,23.81,4,678.02,Female,CityC,1,Married,32,1,6.63,163.78
55,54407.5,1.15,5,670.23,Female,CityC,1,Single,16,0,4.82,169.41
